cardinal,cardinalLabel,cardinalTypeInSampleLabel,birthDate,birthPlaceLabel,cardinalStartTime,bishopStartTime,priestStartTime
http://www.wikidata.org/entity/Q535483,Angelo Acerbi,Cardinal,1925-09-23T00:00:00Z,Sesta Godano,2024-12-07T00:00:00Z,1974-06-30T00:00:00Z,1948-03-27T00:00:00Z
http://www.wikidata.org/entity/Q498734,Estanislao Esteban Karlic,Cardinal,1926-02-07T00:00:00Z,Oliva,2007-11-24T00:00:00Z,1977-08-15T00:00:00Z,1954-12-08T00:00:00Z
http://www.wikidata.org/entity/Q918295,Emmanuel Wamala,Cardinal,1926-12-15T00:00:00Z,Masaka District,1994-11-26T00:00:00Z,1981-11-22T00:00:00Z,1957-12-21T00:00:00Z
http://www.wikidata.org/entity/Q120489744,Luis Pascual Dri,cardinal-deacon,1927-04-17T00:00:00Z,Federación Department,2023-09-30T00:00:00Z,,1952-03-29T00:00:00Z
http://www.wikidata.org/entity/Q1715702,Júlio Duarte Langa,Cardinal,1927-10-27T00:00:00Z,Xai-Xai,2015-02-14T00:00:00Z,1976-10-24T00:00:00Z,1957-06-09T00:00:00Z
http://www.wikidata.org/entity/Q45034,Friedrich Wetter,Cardinal,1928-02-20T00:00:00Z,Landau in der Pfalz,1985-05-25T00:00:00Z,1968-06-29T00:00:00Z,1953-10-10T00:00:00Z
http://www.wikidata.org/entity/Q27158977,Ernest Simoni,Cardinal,1928-10-18T00:00:00Z,Blinisht,2016-11-19T00:00:00Z,,1956-04-07T00:00:00Z
http://www.wikidata.org/entity/Q62254,Walter Brandmüller,cardinal priest,1929-01-05T00:00:00Z,Ansbach,2010-11-20T00:00:00Z,2010-11-13T00:00:00Z,1953-07-26T00:00:00Z
http://www.wikidata.org/entity/Q506672,Michael Michai Kitbunchu,Cardinal,1929-01-25T00:00:00Z,Sam Phran,1983-02-02T00:00:00Z,1973-06-03T00:00:00Z,1959-12-20T00:00:00Z
http://www.wikidata.org/entity/Q349912,Adam Maida,Cardinal,1930-03-18T00:00:00Z,East Vandergrift,1994-11-26T00:00:00Z,1984-01-25T00:00:00Z,1956-05-26T00:00:00Z
http://www.wikidata.org/entity/Q711525,Julián Herranz Casado,Cardinal,1930-03-31T00:00:00Z,Baena,2003-10-21T00:00:00Z,,1955-08-07T00:00:00Z
http://www.wikidata.org/entity/Q543999,Paul Poupard,Cardinal,1930-08-30T00:00:00Z,Bouzillé,1985-05-25T00:00:00Z,1979-04-06T00:00:00Z,1954-12-18T00:00:00Z
http://www.wikidata.org/entity/Q714183,Salvatore De Giorgi,Cardinal,1930-09-06T00:00:00Z,Vernole,1998-02-21T00:00:00Z,1973-12-27T00:00:00Z,1953-06-28T00:00:00Z
http://www.wikidata.org/entity/Q357419,Jānis Pujats,Cardinal in pectore,1930-11-14T00:00:00Z,Pujati,1998-02-21T00:00:00Z,1991-06-01T00:00:00Z,1951-03-29T00:00:00Z
http://www.wikidata.org/entity/Q505206,Camillo Ruini,Cardinal,1931-02-19T00:00:00Z,Sassuolo,1991-06-28T00:00:00Z,1983-06-29T00:00:00Z,1954-12-08T00:00:00Z
http://www.wikidata.org/entity/Q210874,Lucian Mureșan,Cardinal,1931-05-23T00:00:00Z,Firiza,2012-02-18T00:00:00Z,,1964-12-19T00:00:00Z
http://www.wikidata.org/entity/Q45198,José Saraiva Martins,Cardinal,1932-01-06T00:00:00Z,Gagos,2001-02-21T00:00:00Z,,1957-03-16T00:00:00Z
http://www.wikidata.org/entity/Q470052,Joseph Zen,Cardinal,1932-01-13T00:00:00Z,Shang-hai,2006-03-24T00:00:00Z,1996-12-09T00:00:00Z,
http://www.wikidata.org/entity/Q451478,James Stafford,Cardinal,1932-07-26T00:00:00Z,Baltimore,1998-02-21T00:00:00Z,1976-02-29T00:00:00Z,1957-12-15T00:00:00Z
http://www.wikidata.org/entity/Q467514,Gaudencio Rosales,cardinal priest,1932-08-10T00:00:00Z,Philippines,2006-03-24T00:00:00Z,1974-10-28T00:00:00Z,1958-03-23T00:00:00Z
http://www.wikidata.org/entity/Q44728,Francis Arinze,cardinal-deacon,1932-11-01T00:00:00Z,Eziowelle,1985-05-25T00:00:00Z,,1958-11-23T00:00:00Z
http://www.wikidata.org/entity/Q44100,Walter Kasper,Cardinal,1933-03-05T00:00:00Z,Heidenheim an der Brenz,2001-02-21T00:00:00Z,1989-06-17T00:00:00Z,1957-04-06T00:00:00Z
http://www.wikidata.org/entity/Q505192,Juan Sandoval Íñiguez,Cardinal,1933-03-28T00:00:00Z,Yahualica de González Gallo,1994-11-26T00:00:00Z,1988-04-30T00:00:00Z,1957-10-27T00:00:00Z
http://www.wikidata.org/entity/Q512118,Francisco Javier Errázuriz Ossa,Cardinal,1933-09-05T00:00:00Z,Santiago,2001-02-21T00:00:00Z,1991-01-06T00:00:00Z,1961-07-16T00:00:00Z
http://www.wikidata.org/entity/Q127211,Raffaele Farina,Cardinal,1933-09-24T00:00:00Z,Buonalbergo,2007-11-24T00:00:00Z,2006-12-16T00:00:00Z,1958-07-01T00:00:00Z
http://www.wikidata.org/entity/Q44842,Giovanni Battista Re,Cardinal-bishop of Sabina-Poggio Mirteto,1934-01-30T00:00:00Z,Brescia,2001-02-21T00:00:00Z,1987-11-07T00:00:00Z,1957-03-03T00:00:00Z
http://www.wikidata.org/entity/Q451101,Jean-Baptiste Phạm Minh Mẫn,Cardinal,1934-03-05T00:00:00Z,Cà Mau,2003-10-21T00:00:00Z,1993-08-11T00:00:00Z,1965-05-25T00:00:00Z
http://www.wikidata.org/entity/Q721621,Francesco Monterisi,Cardinal,1934-05-28T00:00:00Z,Barletta,2010-11-20T00:00:00Z,,1957-03-16T00:00:00Z
http://www.wikidata.org/entity/Q1233583,Raniero Cantalamessa,Cardinal,1934-07-22T00:00:00Z,Colli del Tronto,2020-11-28T00:00:00Z,,1958-10-19T00:00:00Z
http://www.wikidata.org/entity/Q468883,Franc Rode,cardinal priest,1934-09-23T00:00:00Z,Jarše,2006-03-24T00:00:00Z,1997-04-06T00:00:00Z,1960-06-29T00:00:00Z
http://www.wikidata.org/entity/Q1608178,Luis Héctor Villalba,Cardinal,1934-10-11T00:00:00Z,Buenos Aires,2015-02-14T00:00:00Z,1984-12-22T00:00:00Z,1960-09-24T00:00:00Z
http://www.wikidata.org/entity/Q44383,Tarcisio Bertone,Cardinal,1934-12-02T00:00:00Z,Romano Canavese,2003-10-21T00:00:00Z,,1960-07-01T00:00:00Z
http://www.wikidata.org/entity/Q468407,Julius Darmaatmadja,Cardinal,1934-12-20T00:00:00Z,Muntilan,1994-11-26T00:00:00Z,1983-06-29T00:00:00Z,
http://www.wikidata.org/entity/Q312043,Giovanni Lajolo,Cardinal,1935-01-03T00:00:00Z,Novara,2007-11-24T00:00:00Z,,1960-04-29T00:00:00Z
http://www.wikidata.org/entity/Q503833,Justin Francis Rigali,Cardinal,1935-04-19T00:00:00Z,Los Angeles,2003-10-21T00:00:00Z,1985-09-14T00:00:00Z,1961-04-25T00:00:00Z
http://www.wikidata.org/entity/Q562868,Santos Abril y Castelló,Cardinal,1935-09-21T00:00:00Z,Alfambra,2012-02-18T00:00:00Z,1985-06-16T00:00:00Z,1960-03-19T00:00:00Z
http://www.wikidata.org/entity/Q918715,Roger Mahony,Cardinal,1936-02-27T00:00:00Z,Hollywood,1991-06-28T00:00:00Z,1975-03-19T00:00:00Z,1962-05-01T00:00:00Z
http://www.wikidata.org/entity/Q546843,Anthony Olubunmi Okogie,Cardinal,1936-06-16T00:00:00Z,Lagos,2003-10-21T00:00:00Z,1971-08-29T00:00:00Z,1966-12-11T00:00:00Z
http://www.wikidata.org/entity/Q44898,Antonio María Rouco Varela,cardinal priest,1936-08-20T00:00:00Z,Vilalba,1998-02-21T00:00:00Z,1976-10-31T00:00:00Z,
http://www.wikidata.org/entity/Q280804,Nicolás de Jesús López Rodríguez,Cardinal,1936-10-31T00:00:00Z,La Vega Province,1991-06-28T00:00:00Z,1978-02-25T00:00:00Z,1961-03-18T00:00:00Z
http://www.wikidata.org/entity/Q82692,Ennio Antonelli,Cardinal,1936-11-18T00:00:00Z,Todi,2003-10-21T00:00:00Z,1982-08-29T00:00:00Z,1960-04-02T00:00:00Z
http://www.wikidata.org/entity/Q521212,Théodore-Adrien Sarr,Cardinal,1936-11-28T00:00:00Z,Fadiouth,2007-11-24T00:00:00Z,1974-11-24T00:00:00Z,1964-05-28T00:00:00Z
http://www.wikidata.org/entity/Q458569,Audrys Bačkis,Cardinal,1937-02-01T00:00:00Z,Kaunas,2001-02-21T00:00:00Z,1988-10-04T00:00:00Z,1961-03-18T00:00:00Z
http://www.wikidata.org/entity/Q542624,Raymundo Damasceno Assis,Cardinal,1937-02-15T00:00:00Z,Minas Gerais,2010-11-20T00:00:00Z,1986-09-15T00:00:00Z,1968-03-19T00:00:00Z
http://www.wikidata.org/entity/Q2444070,Toribio Ticona Porco,Cardinal,1937-04-25T00:00:00Z,Atocha,2018-06-28T00:00:00Z,1986-05-31T00:00:00Z,1967-01-29T00:00:00Z
http://www.wikidata.org/entity/Q443918,Lluís Martínez i Sistach,cardinal priest,1937-04-29T00:00:00Z,Barcelona,2007-11-24T00:00:00Z,1987-12-27T00:00:00Z,
http://www.wikidata.org/entity/Q710490,Michael Fitzgerald,Cardinal,1937-08-17T00:00:00Z,Walsall,2019-10-05T00:00:00Z,1992-01-06T00:00:00Z,1961-02-03T00:00:00Z
http://www.wikidata.org/entity/Q517279,Antonio Maria Vegliò,Cardinal,1938-02-03T00:00:00Z,Macerata Feltria,2012-02-18T00:00:00Z,,1962-03-18T00:00:00Z
http://www.wikidata.org/entity/Q374461,Paolo Romeo,Cardinal,1938-02-20T00:00:00Z,Acireale,2010-11-20T00:00:00Z,1984-01-06T00:00:00Z,1961-03-18T00:00:00Z
http://www.wikidata.org/entity/Q720642,Francesco Coccopalmerio,Cardinal,1938-03-06T00:00:00Z,San Giuliano Milanese,2012-02-18T00:00:00Z,1993-05-22T00:00:00Z,1962-06-28T00:00:00Z
http://www.wikidata.org/entity/Q585377,Manuel Monteiro de Castro,Cardinal,1938-03-29T00:00:00Z,Guimarães,2012-02-18T00:00:00Z,,1961-07-09T00:00:00Z
http://www.wikidata.org/entity/Q465435,Pierre Nguyễn Văn Nhơn,Cardinal,1938-04-01T00:00:00Z,Đà Lạt,2015-02-14T00:00:00Z,1991-12-03T00:00:00Z,1967-12-21T00:00:00Z
http://www.wikidata.org/entity/Q53834664,Aquilino Bocos Merino,cardinal-deacon,1938-05-17T00:00:00Z,Canillas de Esgueva,2018-06-28T00:00:00Z,2018-06-16T00:00:00Z,1963-05-23T00:00:00Z
http://www.wikidata.org/entity/Q1376572,Sigitas Tamkevičius,Cardinal,1938-11-07T00:00:00Z,Gudonys,2019-10-05T00:00:00Z,1991-05-19T00:00:00Z,1962-04-18T00:00:00Z
http://www.wikidata.org/entity/Q1743579,Alberto Suárez Inda,Cardinal,1939-01-30T00:00:00Z,Celaya,2015-02-14T00:00:00Z,1985-12-20T00:00:00Z,1964-08-08T00:00:00Z
http://www.wikidata.org/entity/Q534584,Orlando Beltran Quevedo,Cardinal,1939-03-11T00:00:00Z,Laoag,2014-02-22T00:00:00Z,1980-10-28T00:00:00Z,1964-06-05T00:00:00Z
http://www.wikidata.org/entity/Q703552,Edwin Frederick O'Brien,Cardinal,1939-04-08T00:00:00Z,The Bronx,2012-02-18T00:00:00Z,1996-03-25T00:00:00Z,1965-05-29T00:00:00Z
http://www.wikidata.org/entity/Q354306,Stanisław Dziwisz,Cardinal,1939-04-27T00:00:00Z,Raba Wyżna,2006-03-24T00:00:00Z,1998-03-19T00:00:00Z,1963-06-23T00:00:00Z
http://www.wikidata.org/entity/Q1220546,Diego Padrón,cardinal priest,1939-05-17T00:00:00Z,Montalbán,2023-09-30T00:00:00Z,1990-05-27T00:00:00Z,1963-08-04T00:00:00Z
http://www.wikidata.org/entity/Q438243,John Tong Hon,Cardinal,1939-07-31T00:00:00Z,British Hong Kong,2012-02-18T00:00:00Z,1996-12-09T00:00:00Z,1966-01-06T00:00:00Z
http://www.wikidata.org/entity/Q440816,Seán Brady,Cardinal,1939-08-16T00:00:00Z,Drumcalpin,2007-11-24T00:00:00Z,1995-02-19T00:00:00Z,1964-02-22T00:00:00Z
http://www.wikidata.org/entity/Q1287423,Edoardo Menichelli,Cardinal,1939-10-14T00:00:00Z,San Severino Marche,2015-02-14T00:00:00Z,1994-07-09T00:00:00Z,1965-07-03T00:00:00Z
http://www.wikidata.org/entity/Q469828,Bechara Boutros al-Rahi,Cardinal,1940-02-25T00:00:00Z,Himlaya,2012-11-24T00:00:00Z,1986-07-12T00:00:00Z,1967-09-03T00:00:00Z
http://www.wikidata.org/entity/Q395751,Agostino Vallini,Cardinal,1940-04-17T00:00:00Z,Poli,2006-03-24T00:00:00Z,1989-05-13T00:00:00Z,1964-07-19T00:00:00Z
http://www.wikidata.org/entity/Q645159,Felipe Arizmendi Esquivel,Cardinal,1940-05-01T00:00:00Z,Chiltepec de Hidalgo,2020-11-28T00:00:00Z,1991-03-07T00:00:00Z,1963-08-25T00:00:00Z
http://www.wikidata.org/entity/Q100860074,Enrico Feroci,Cardinal,1940-08-27T00:00:00Z,Pizzoli,2020-11-28T00:00:00Z,2020-11-15T00:00:00Z,1965-03-13T00:00:00Z
http://www.wikidata.org/entity/Q395678,Agostino Marchetto,cardinal-deacon,1940-08-28T00:00:00Z,Vicenza,2023-09-30T00:00:00Z,,1964-06-28T00:00:00Z
http://www.wikidata.org/entity/Q1870209,Lorenzo Baldisseri,Cardinal,1940-09-29T00:00:00Z,Barga,2014-02-22T00:00:00Z,1992-03-07T00:00:00Z,1963-06-29T00:00:00Z
http://www.wikidata.org/entity/Q456266,Silvano Maria Tomasi,Cardinal,1940-10-12T00:00:00Z,Mussolente,2020-11-28T00:00:00Z,,1965-05-31T00:00:00Z
http://www.wikidata.org/entity/Q386256,Donald Wuerl,Cardinal,1940-11-12T00:00:00Z,Pittsburgh,2010-11-20T00:00:00Z,1986-01-06T00:00:00Z,1966-12-17T00:00:00Z
http://www.wikidata.org/entity/Q429080,Gabriel Zubeir Wako,Cardinal,1941-02-27T00:00:00Z,Sudan,2003-10-21T00:00:00Z,1975-04-06T00:00:00Z,1963-07-21T00:00:00Z
http://www.wikidata.org/entity/Q527068,Wilfrid Napier,cardinal priest,1941-03-08T00:00:00Z,Western Cape,2001-02-21T00:00:00Z,1981-02-28T00:00:00Z,1970-07-25T00:00:00Z
http://www.wikidata.org/entity/Q1767934,Maurice Piat,Cardinal,1941-07-19T00:00:00Z,Moka,2016-11-19T00:00:00Z,1991-05-19T00:00:00Z,1970-08-02T00:00:00Z
http://www.wikidata.org/entity/Q817288,Beniamino Stella,Cardinal,1941-08-18T00:00:00Z,Pieve di Soligo,2014-02-22T00:00:00Z,,1966-03-19T00:00:00Z
http://www.wikidata.org/entity/Q336109,Angelo Scola,Cardinal,1941-11-07T00:00:00Z,Malgrate,2003-10-21T00:00:00Z,1991-09-21T00:00:00Z,1970-07-18T00:00:00Z
http://www.wikidata.org/entity/Q1191589,Ricardo Ezzati Andrello,Cardinal,1942-01-07T00:00:00Z,Campiglia dei Berici,2014-02-22T00:00:00Z,1996-09-08T00:00:00Z,1970-03-18T00:00:00Z
http://www.wikidata.org/entity/Q112162800,Fortunato Frezza,Cardinal,1942-02-06T00:00:00Z,Rome,2022-08-27T00:00:00Z,2022-07-23T00:00:00Z,1966-06-28T00:00:00Z
http://www.wikidata.org/entity/Q1703810,Jorge Enrique Jiménez Carvajal,Cardinal,1942-03-29T00:00:00Z,Bucaramanga,2022-08-27T00:00:00Z,1992-12-12T00:00:00Z,1967-06-17T00:00:00Z
http://www.wikidata.org/entity/Q143533,Gualtiero Bassetti,Cardinal,1942-04-07T00:00:00Z,Marradi,2014-02-22T00:00:00Z,1994-09-08T00:00:00Z,1966-06-29T00:00:00Z
http://www.wikidata.org/entity/Q364011,Ricardo Blázquez Pérez,cardinal priest,1942-04-13T00:00:00Z,Villanueva del Campillo,2015-02-14T00:00:00Z,1988-05-29T00:00:00Z,
http://www.wikidata.org/entity/Q152302,Norberto Rivera Carrera,cardinal priest,1942-06-06T00:00:00Z,Durango,1998-02-21T00:00:00Z,1985-12-21T00:00:00Z,1966-07-03T00:00:00Z
http://www.wikidata.org/entity/Q1522444,Gianfranco Ghirlanda,cardinal-deacon,1942-07-05T00:00:00Z,Rome,2022-08-27T00:00:00Z,,1973-06-24T00:00:00Z
http://www.wikidata.org/entity/Q556243,Arrigo Miglio,Cardinal,1942-07-18T00:00:00Z,San Giorgio Canavese,2022-08-27T00:00:00Z,1992-04-25T00:00:00Z,1967-09-23T00:00:00Z
http://www.wikidata.org/entity/Q1545283,Gregorio Rosa Chávez,Cardinal,1942-09-03T00:00:00Z,Sociedad,2017-06-28T00:00:00Z,1982-07-03T00:00:00Z,1970-01-24T00:00:00Z
http://www.wikidata.org/entity/Q26639,Rubén Salazar Gómez,cardinal priest,1942-09-22T00:00:00Z,Bogotá,2012-11-24T00:00:00Z,1992-03-25T00:00:00Z,
http://www.wikidata.org/entity/Q543260,Giuseppe Bertello,Cardinal,1942-10-01T00:00:00Z,Foglizzo,2012-02-18T00:00:00Z,1987-11-28T00:00:00Z,1966-06-29T00:00:00Z
http://www.wikidata.org/entity/Q531594,Gianfranco Ravasi,Cardinal,1942-10-18T00:00:00Z,Merate,2010-11-20T00:00:00Z,,1966-06-28T00:00:00Z
http://www.wikidata.org/entity/Q44886,André Vingt-Trois,Cardinal,1942-11-07T00:00:00Z,Paris,2007-11-24T00:00:00Z,1988-10-14T00:00:00Z,1969-06-28T00:00:00Z
http://www.wikidata.org/entity/Q293434,Óscar Andrés Rodríguez Maradiaga,Cardinal,1942-12-29T00:00:00Z,Tegucigalpa,2001-02-21T00:00:00Z,1978-12-08T00:00:00Z,1970-06-28T00:00:00Z
http://www.wikidata.org/entity/Q378603,Angelo Bagnasco,Cardinal,1943-01-14T00:00:00Z,Pontevico,2007-11-24T00:00:00Z,1998-02-07T00:00:00Z,1966-06-29T00:00:00Z
http://www.wikidata.org/entity/Q654613,Domenico Calcagno,Cardinal,1943-02-03T00:00:00Z,Parodi Ligure,2012-02-18T00:00:00Z,2002-03-09T00:00:00Z,1967-06-29T00:00:00Z
http://www.wikidata.org/entity/Q45146,Dominik Duka,Cardinal,1943-04-26T00:00:00Z,Hradec Králové,2012-02-18T00:00:00Z,1998-09-26T00:00:00Z,
http://www.wikidata.org/entity/Q504550,Crescenzio Sepe,Cardinal,1943-06-02T00:00:00Z,Carinaro,2001-02-21T00:00:00Z,1992-04-26T00:00:00Z,1967-03-12T00:00:00Z
http://www.wikidata.org/entity/Q168792,Giuseppe Versaldi,cardinal-deacon,1943-07-30T00:00:00Z,Villarboit,2012-02-18T00:00:00Z,2007-05-26T00:00:00Z,1967-06-29T00:00:00Z
http://www.wikidata.org/entity/Q521184,Angelo Comastri,Cardinal,1943-09-17T00:00:00Z,Sorano,2007-11-24T00:00:00Z,1990-09-12T00:00:00Z,1967-03-11T00:00:00Z
http://www.wikidata.org/entity/Q1685252,Patrick D'Rozario,Cardinal,1943-10-01T00:00:00Z,Padrishibpur Union,2016-11-19T00:00:00Z,1990-09-12T00:00:00Z,1972-10-08T00:00:00Z
http://www.wikidata.org/entity/Q458202,Leonardo Sandri,Cardinal,1943-11-18T00:00:00Z,Buenos Aires,2007-11-24T00:00:00Z,1997-10-11T00:00:00Z,1967-12-02T00:00:00Z
http://www.wikidata.org/entity/Q488084,Andrew Yeom Soo-jung,cardinal priest,1943-12-05T00:00:00Z,Anseong,2014-02-22T00:00:00Z,2002-01-25T00:00:00Z,1970-12-08T00:00:00Z
http://www.wikidata.org/entity/Q1310257,Jean Zerbo,Cardinal,1943-12-27T00:00:00Z,Ségou,2017-06-28T00:00:00Z,1988-11-20T00:00:00Z,1971-07-10T00:00:00Z
http://www.wikidata.org/entity/Q547089,Juan Luis Cipriani Thorne,Cardinal,1943-12-28T00:00:00Z,Lima,2001-02-21T00:00:00Z,1988-07-03T00:00:00Z,1977-08-21T00:00:00Z
http://www.wikidata.org/entity/Q716749,John Onaiyekan,Cardinal,1944-01-29T00:00:00Z,Kabba,2012-11-24T00:00:00Z,1983-01-06T00:00:00Z,1969-08-03T00:00:00Z
http://www.wikidata.org/entity/Q1708436,Pedro Ricardo Barreto Jimeno,Cardinal,1944-02-12T00:00:00Z,Lima,2018-06-28T00:00:00Z,2002-01-01T00:00:00Z,1971-12-18T00:00:00Z
http://www.wikidata.org/entity/Q1674361,José Luis Lacunza Maestrojuán,cardinal priest,1944-02-24T00:00:00Z,Pamplona,2015-02-14T00:00:00Z,1986-01-18T00:00:00Z,1969-07-13T00:00:00Z
http://www.wikidata.org/entity/Q1721124,Louis-Marie Ling Mangkhanekhoun,Cardinal,1944-04-05T00:00:00Z,Xiangkhouang Province,2017-06-28T00:00:00Z,2001-04-22T00:00:00Z,1972-11-05T00:00:00Z
http://www.wikidata.org/entity/Q940055,Luis Ladaria Ferrer,cardinal-deacon,1944-04-19T00:00:00Z,Manacor,2018-06-28T00:00:00Z,2008-07-26T00:00:00Z,
http://www.wikidata.org/entity/Q711547,Marc Ouellet,cardinal priest,1944-06-08T00:00:00Z,La Motte,2003-10-21T00:00:00Z,,1968-05-25T00:00:00Z
http://www.wikidata.org/entity/Q472192,Seán Patrick O'Malley,cardinal priest,1944-06-29T00:00:00Z,Lakewood,2006-03-24T00:00:00Z,1984-08-02T00:00:00Z,1970-08-29T00:00:00Z
http://www.wikidata.org/entity/Q185988,Polycarp Pengo,Cardinal,1944-08-05T00:00:00Z,Tanganyika,1998-02-21T00:00:00Z,1984-01-06T00:00:00Z,1971-06-20T00:00:00Z
http://www.wikidata.org/entity/Q614498,Mauro Piacenza,Cardinal,1944-09-15T00:00:00Z,Genoa,2010-11-20T00:00:00Z,2003-11-15T00:00:00Z,1969-12-21T00:00:00Z
http://www.wikidata.org/entity/Q534446,Jean-Pierre Ricard,cardinal priest,1944-09-25T00:00:00Z,Marseille,2006-03-24T00:00:00Z,1993-04-17T00:00:00Z,1968-10-05T00:00:00Z
http://www.wikidata.org/entity/Q303314,Baltazar Enrique Porras Cardozo,Cardinal,1944-10-10T00:00:00Z,Caracas,2016-11-19T00:00:00Z,1983-09-17T00:00:00Z,1967-07-30T00:00:00Z
http://www.wikidata.org/entity/Q469933,Oswald Gracias,Cardinal,1944-12-24T00:00:00Z,Mumbai,2007-11-24T00:00:00Z,1997-09-16T00:00:00Z,1970-12-20T00:00:00Z
http://www.wikidata.org/entity/Q44747,Christoph Schönborn,cardinal priest,1945-01-22T00:00:00Z,Skalka Castle,1998-02-21T00:00:00Z,,1970-12-27T00:00:00Z
http://www.wikidata.org/entity/Q15060665,Fernando Vérgez Alzaga,Cardinal,1945-03-01T00:00:00Z,Salamanca,2022-08-27T00:00:00Z,2013-11-15T00:00:00Z,1969-11-26T00:00:00Z
http://www.wikidata.org/entity/Q17417834,Celestino Aós Braco,cardinal priest,1945-04-06T00:00:00Z,Artaiz,2020-11-28T00:00:00Z,2014-10-18T00:00:00Z,1968-03-30T00:00:00Z
http://www.wikidata.org/entity/Q457897,George Alencherry,Cardinal,1945-04-19T00:00:00Z,Kottayam district,2012-02-18T00:00:00Z,1997-02-02T00:00:00Z,1972-11-19T00:00:00Z
http://www.wikidata.org/entity/Q1043124,Carlos Osoro,cardinal priest,1945-05-16T00:00:00Z,Castañeda,2016-11-19T00:00:00Z,1997-02-22T00:00:00Z,
http://www.wikidata.org/entity/Q550079,Robert Sarah,cardinal priest,1945-06-15T00:00:00Z,Ourous,2010-11-20T00:00:00Z,,1969-07-20T00:00:00Z
http://www.wikidata.org/entity/Q528954,Stanisław Ryłko,Cardinal,1945-07-04T00:00:00Z,Andrychów,2007-11-24T00:00:00Z,1996-01-06T00:00:00Z,1969-03-30T00:00:00Z
http://www.wikidata.org/entity/Q446020,Joseph Coutts,Cardinal,1945-07-21T00:00:00Z,Amritsar,2018-06-28T00:00:00Z,1988-09-16T00:00:00Z,1971-01-09T00:00:00Z
http://www.wikidata.org/entity/Q962727,Timothy Radcliffe,Cardinal,1945-08-22T00:00:00Z,London,2024-12-07T00:00:00Z,,
http://www.wikidata.org/entity/Q506570,Vinko Puljić,cardinal priest,1945-09-08T00:00:00Z,Priječani,1994-11-26T00:00:00Z,1991-01-06T00:00:00Z,1970-06-29T00:00:00Z
http://www.wikidata.org/entity/Q382332,Antonio Cañizares Llovera,cardinal priest,1945-10-15T00:00:00Z,Utiel,2006-03-24T00:00:00Z,1992-04-25T00:00:00Z,
http://www.wikidata.org/entity/Q765284,Vincent Nichols,Cardinal,1945-11-08T00:00:00Z,Crosby,2014-02-22T00:00:00Z,1992-01-24T00:00:00Z,1969-12-21T00:00:00Z
http://www.wikidata.org/entity/Q602246,Jean-Pierre Kutwa,Cardinal,1945-12-22T00:00:00Z,Abidjan,2014-02-22T00:00:00Z,2001-09-16T00:00:00Z,1971-07-11T00:00:00Z
http://www.wikidata.org/entity/Q556314,Philippe Nakellentuba Ouédraogo,cardinal priest,1945-12-31T00:00:00Z,Kaya,2014-02-22T00:00:00Z,1996-11-23T00:00:00Z,1973-07-14T00:00:00Z
http://www.wikidata.org/entity/Q470625,John Njue,Cardinal,1946-01-01T00:00:00Z,Embu,2007-11-24T00:00:00Z,1986-09-20T00:00:00Z,1973-01-06T00:00:00Z
http://www.wikidata.org/entity/Q1457374,Mario Zenari,Cardinal,1946-01-05T00:00:00Z,Rosegaferro,2016-11-19T00:00:00Z,,1970-07-05T00:00:00Z
http://www.wikidata.org/entity/Q553540,Christophe Pierre,cardinal-deacon,1946-01-30T00:00:00Z,Rennes,2023-09-30T00:00:00Z,1995-09-24T00:00:00Z,1970-04-05T00:00:00Z
http://www.wikidata.org/entity/Q680013,Fernando Filoni,Cardinal,1946-04-15T00:00:00Z,Manduria,2012-02-18T00:00:00Z,,1970-07-03T00:00:00Z
http://www.wikidata.org/entity/Q608116,Juan José Omella Omella,cardinal priest,1946-04-21T00:00:00Z,Cretas,2017-06-28T00:00:00Z,1996-09-22T00:00:00Z,1970-09-30T00:00:00Z
http://www.wikidata.org/entity/Q1441149,Francesco Montenegro,Cardinal,1946-05-22T00:00:00Z,Messina,2015-02-14T00:00:00Z,2000-04-29T00:00:00Z,1969-08-08T00:00:00Z
http://www.wikidata.org/entity/Q28007559,Michael Czerny,cardinal-deacon,1946-07-18T00:00:00Z,Brno,2019-10-05T00:00:00Z,2019-10-04T00:00:00Z,1973-06-09T00:00:00Z
http://www.wikidata.org/entity/Q703558,Thomas Christopher Collins,cardinal priest,1947-01-16T00:00:00Z,Guelph,2012-02-18T00:00:00Z,1997-05-14T00:00:00Z,1973-05-05T00:00:00Z
http://www.wikidata.org/entity/Q124553,Emil Paul Tscherrig,cardinal-deacon,1947-02-03T00:00:00Z,Unterems,2023-09-30T00:00:00Z,1996-06-27T00:00:00Z,1974-04-11T00:00:00Z
http://www.wikidata.org/entity/Q82672,Giuseppe Betori,Cardinal,1947-02-25T00:00:00Z,Foligno,2012-02-18T00:00:00Z,2001-05-06T00:00:00Z,1970-09-26T00:00:00Z
http://www.wikidata.org/entity/Q703566,João Braz de Aviz,Cardinal,1947-04-24T00:00:00Z,Mafra,2012-02-18T00:00:00Z,1994-05-31T00:00:00Z,1972-11-26T00:00:00Z
http://www.wikidata.org/entity/Q610637,António Augusto dos Santos Marto,cardinal priest,1947-05-05T00:00:00Z,Tronco,2018-06-28T00:00:00Z,2001-02-11T00:00:00Z,1971-11-07T00:00:00Z
http://www.wikidata.org/entity/Q961225,Jozef De Kesel,Cardinal,1947-06-17T00:00:00Z,Ghent,2016-11-19T00:00:00Z,2002-05-26T00:00:00Z,1972-08-26T00:00:00Z
http://www.wikidata.org/entity/Q251223,Álvaro Leonel Ramazzini Imeri,Cardinal,1947-07-16T00:00:00Z,Guatemala City,2019-10-05T00:00:00Z,1989-01-06T00:00:00Z,1971-06-27T00:00:00Z
http://www.wikidata.org/entity/Q1740146,Kevin Farrell,cardinal-deacon,1947-09-02T00:00:00Z,Dublin,2016-11-19T00:00:00Z,2002-02-11T00:00:00Z,
http://www.wikidata.org/entity/Q559896,Albert Malcolm Ranjith Patabendige Don,cardinal priest,1947-11-15T00:00:00Z,Polgahawela,2010-11-20T00:00:00Z,1991-08-31T00:00:00Z,1975-06-29T00:00:00Z
http://www.wikidata.org/entity/Q1653816,Mario Aurelio Poli,cardinal priest,1947-11-29T00:00:00Z,Buenos Aires,2014-02-22T00:00:00Z,2002-04-20T00:00:00Z,1978-11-25T00:00:00Z
http://www.wikidata.org/entity/Q508796,Wilton Daniel Gregory,Cardinal,1947-12-07T00:00:00Z,Chicago,2020-11-28T00:00:00Z,1983-12-13T00:00:00Z,1973-05-09T00:00:00Z
http://www.wikidata.org/entity/Q1893338,Marcello Semeraro,Cardinal,1947-12-22T00:00:00Z,Monteroni di Lecce,2020-11-28T00:00:00Z,1998-09-29T00:00:00Z,1971-09-08T00:00:00Z
http://www.wikidata.org/entity/Q45158,Gerhard Ludwig Müller,cardinal-deacon,1947-12-31T00:00:00Z,Mainz,2014-02-22T00:00:00Z,2002-11-24T00:00:00Z,1978-02-11T00:00:00Z
http://www.wikidata.org/entity/Q525978,John Dew,Cardinal,1948-05-05T00:00:00Z,Waipawa,2015-02-14T00:00:00Z,2018-03-03T00:00:00Z,1976-05-09T00:00:00Z
http://www.wikidata.org/entity/Q1355058,Giovanni Angelo Becciu,Cardinal,1948-06-02T00:00:00Z,Pattada,2018-06-28T00:00:00Z,2001-12-01T00:00:00Z,1972-08-27T00:00:00Z
http://www.wikidata.org/entity/Q515887,Raymond Leo Burke,cardinal-deacon,1948-06-30T00:00:00Z,Richland Center,2010-11-20T00:00:00Z,1995-01-06T00:00:00Z,1975-06-29T00:00:00Z
http://www.wikidata.org/entity/Q3986360,Louis Raphaël I Sako,Cardinal,1948-07-04T00:00:00Z,Zakho,2018-06-28T00:00:00Z,2003-11-14T00:00:00Z,1974-06-01T00:00:00Z
http://www.wikidata.org/entity/Q555975,Juan García Rodríguez,cardinal priest,1948-07-11T00:00:00Z,Camagüey,2019-10-05T00:00:00Z,1997-06-07T00:00:00Z,1972-01-25T00:00:00Z
http://www.wikidata.org/entity/Q820563,Berhaneyesus Demerew Souraphiel,Cardinal,1948-07-14T00:00:00Z,Ethiopia,2015-02-14T00:00:00Z,1998-01-25T00:00:00Z,1976-07-04T00:00:00Z
http://www.wikidata.org/entity/Q1743298,Manuel José Macário do Nascimento Clemente,Cardinal,1948-07-16T00:00:00Z,Torres Vedras,2015-02-14T00:00:00Z,2000-01-22T00:00:00Z,1979-06-29T00:00:00Z
http://www.wikidata.org/entity/Q1528583,Giuseppe Petrocchi,Cardinal,1948-08-19T00:00:00Z,Ascoli Piceno,2018-06-28T00:00:00Z,1998-09-20T00:00:00Z,1973-09-14T00:00:00Z
http://www.wikidata.org/entity/Q546121,Peter Kodwo Appiah Turkson,Cardinal,1948-10-11T00:00:00Z,Nsuta Wassa,2003-10-21T00:00:00Z,1993-03-27T00:00:00Z,1975-07-20T00:00:00Z
http://www.wikidata.org/entity/Q1065489,Charles Maung Bo,Cardinal,1948-10-29T00:00:00Z,Myanmar,2015-02-14T00:00:00Z,1990-12-16T00:00:00Z,1976-04-09T00:00:00Z
http://www.wikidata.org/entity/Q521158,Francisco Robles Ortega,Cardinal,1949-03-02T00:00:00Z,Mascota,2007-11-24T00:00:00Z,1991-06-05T00:00:00Z,1976-07-20T00:00:00Z
http://www.wikidata.org/entity/Q2422053,Thomas Aquino Man’yō Maeda,Cardinal,1949-03-03T00:00:00Z,Nagasaki Prefecture,2018-06-28T00:00:00Z,2011-09-23T00:00:00Z,1975-03-19T00:00:00Z
http://www.wikidata.org/entity/Q723775,Leopoldo Brenes,Cardinal,1949-03-07T00:00:00Z,Ticuantepe,2014-02-22T00:00:00Z,1988-03-19T00:00:00Z,1974-08-16T00:00:00Z
http://www.wikidata.org/entity/Q556737,Blase J. Cupich,Cardinal,1949-03-19T00:00:00Z,Omaha,2016-11-19T00:00:00Z,1998-09-21T00:00:00Z,1975-08-16T00:00:00Z
http://www.wikidata.org/entity/Q365529,Josip Bozanić,Cardinal,1949-03-20T00:00:00Z,Rijeka,2003-10-21T00:00:00Z,1989-06-25T00:00:00Z,1975-06-29T00:00:00Z
http://www.wikidata.org/entity/Q703802,Daniel DiNardo,Cardinal,1949-05-23T00:00:00Z,Steubenville,2007-11-24T00:00:00Z,1997-10-07T00:00:00Z,1977-07-16T00:00:00Z
http://www.wikidata.org/entity/Q1396370,Kriengsak Kovitvanit,Cardinal,1949-06-27T00:00:00Z,Bang Rak,2015-02-14T00:00:00Z,2007-06-02T00:00:00Z,1976-07-11T00:00:00Z
http://www.wikidata.org/entity/Q704881,Odilo Scherer,Cardinal,1949-09-21T00:00:00Z,Cerro Largo,2007-11-24T00:00:00Z,2002-02-02T00:00:00Z,1976-12-07T00:00:00Z
http://www.wikidata.org/entity/Q372695,Anders Arborelius,cardinal priest,1949-09-24T00:00:00Z,Sorengo,2017-06-28T00:00:00Z,1998-12-29T00:00:00Z,1979-09-08T00:00:00Z
http://www.wikidata.org/entity/Q26912,James Michael Harvey,Cardinal,1949-10-20T00:00:00Z,Milwaukee,2012-11-24T00:00:00Z,1998-03-19T00:00:00Z,1975-06-29T00:00:00Z
http://www.wikidata.org/entity/Q2654702,Arlindo Gomes Furtado,cardinal priest,1949-11-15T00:00:00Z,Santa Catarina,2015-02-14T00:00:00Z,2004-02-22T00:00:00Z,1976-07-18T00:00:00Z
http://www.wikidata.org/entity/Q980539,Carlos Aguiar Retes,Cardinal,1950-01-09T00:00:00Z,Tepic,2016-11-19T00:00:00Z,1997-06-29T00:00:00Z,1973-04-22T00:00:00Z
http://www.wikidata.org/entity/Q43749,Kazimierz Nycz,Cardinal,1950-02-01T00:00:00Z,Stara Wieś,2010-11-20T00:00:00Z,1988-06-04T00:00:00Z,1973-05-20T00:00:00Z
http://www.wikidata.org/entity/Q225823,Timothy M. Dolan,cardinal priest,1950-02-06T00:00:00Z,St. Louis,2012-02-18T00:00:00Z,2001-08-15T00:00:00Z,1976-06-19T00:00:00Z
http://www.wikidata.org/entity/Q60983884,Carlos Castillo Mattasoglio,Cardinal,1950-02-28T00:00:00Z,Lima,2024-12-07T00:00:00Z,2019-03-02T00:00:00Z,1984-07-15T00:00:00Z
http://www.wikidata.org/entity/Q711174,Arthur Roche,cardinal-deacon,1950-03-06T00:00:00Z,Batley,2022-08-27T00:00:00Z,2001-05-10T00:00:00Z,1975-07-19T00:00:00Z
http://www.wikidata.org/entity/Q45170,Kurt Koch,cardinal priest,1950-03-15T00:00:00Z,Emmen,2010-11-20T00:00:00Z,1996-01-06T00:00:00Z,1982-06-20T00:00:00Z
http://www.wikidata.org/entity/Q554428,Orani Tempesta,Cardinal,1950-06-23T00:00:00Z,São José do Rio Pardo,2014-02-22T00:00:00Z,1997-04-25T00:00:00Z,1974-12-07T00:00:00Z
http://www.wikidata.org/entity/Q538107,Ignatius Suharyo Hardjoatmodjo,cardinal priest,1950-07-09T00:00:00Z,Sedayu,2019-10-05T00:00:00Z,1997-08-22T00:00:00Z,1976-01-26T00:00:00Z
http://www.wikidata.org/entity/Q1248683,Oscar Cantoni,Cardinal,1950-09-01T00:00:00Z,Lenno,2022-08-27T00:00:00Z,2005-03-05T00:00:00Z,1975-06-28T00:00:00Z
http://www.wikidata.org/entity/Q711554,Philippe Barbarin,Cardinal-Priest of Trinité des Monts,1950-10-17T00:00:00Z,Rabat,2003-10-21T00:00:00Z,2018-11-22T00:00:00Z,1977-12-17T00:00:00Z
http://www.wikidata.org/entity/Q530449,Leonardo Ulrich Steiner,cardinal priest,1950-11-06T00:00:00Z,Forquilhinha,2022-08-27T00:00:00Z,2005-04-16T00:00:00Z,1978-01-21T00:00:00Z
http://www.wikidata.org/entity/Q348046,Adalberto Martínez Flores,Cardinal,1951-07-08T00:00:00Z,Asunción,2022-08-27T00:00:00Z,1997-11-08T00:00:00Z,1985-08-24T00:00:00Z
http://www.wikidata.org/entity/Q1496981,Sebastian Francis,cardinal priest,1951-11-11T00:00:00Z,Johor Bahru,2023-09-30T00:00:00Z,2012-08-20T00:00:00Z,1977-07-28T00:00:00Z
http://www.wikidata.org/entity/Q1809520,Lazarus You Heung-sik,Cardinal,1951-11-17T00:00:00Z,Nonsan,2022-08-27T00:00:00Z,,1979-12-09T00:00:00Z
http://www.wikidata.org/entity/Q616598,Dominique Mamberti,Cardinal,1952-03-07T00:00:00Z,Marrakesh,2015-02-14T00:00:00Z,,1981-09-20T00:00:00Z
http://www.wikidata.org/entity/Q1704113,Jose Advincula,Cardinal,1952-03-30T00:00:00Z,Dumalag,2020-11-28T00:00:00Z,2001-09-08T00:00:00Z,1976-04-14T00:00:00Z
http://www.wikidata.org/entity/Q723824,Joseph William Tobin,cardinal priest,1952-05-03T00:00:00Z,Detroit,2016-11-19T00:00:00Z,2010-10-09T00:00:00Z,1978-06-01T00:00:00Z
http://www.wikidata.org/entity/Q47001633,Cristóbal López Romero,cardinal priest,1952-05-19T00:00:00Z,Vélez-Rubio,2019-10-05T00:00:00Z,2018-03-10T00:00:00Z,1979-05-19T00:00:00Z
http://www.wikidata.org/entity/Q1374768,Vicente Bokalic Iglic,Cardinal,1952-06-11T00:00:00Z,Lanús,2024-12-07T00:00:00Z,2010-05-29T00:00:00Z,1978-04-01T00:00:00Z
http://www.wikidata.org/entity/Q285833,Péter Erdő,Cardinal,1952-06-25T00:00:00Z,Budapest,2003-10-21T00:00:00Z,2000-01-06T00:00:00Z,1975-06-18T00:00:00Z
http://www.wikidata.org/entity/Q710071,Filipe Neri Ferrão,Cardinal,1953-01-20T00:00:00Z,Aldona,2022-08-27T00:00:00Z,1994-04-10T00:00:00Z,1979-10-28T00:00:00Z
http://www.wikidata.org/entity/Q45176,Wim Eijk,Cardinal,1953-06-22T00:00:00Z,Duivendrecht,2012-02-18T00:00:00Z,1999-11-06T00:00:00Z,
http://www.wikidata.org/entity/Q43930,Reinhard Marx,cardinal priest,1953-09-21T00:00:00Z,Geseke,2010-11-20T00:00:00Z,,1979-06-02T00:00:00Z
http://www.wikidata.org/entity/Q20971281,Angelo De Donatis,Cardinal,1954-01-04T00:00:00Z,Casarano,2018-06-28T00:00:00Z,2015-11-09T00:00:00Z,1980-04-12T00:00:00Z
http://www.wikidata.org/entity/Q554272,Robert W. McElroy,Cardinal,1954-02-05T00:00:00Z,San Francisco,2022-08-27T00:00:00Z,2010-09-07T00:00:00Z,1980-04-12T00:00:00Z
http://www.wikidata.org/entity/Q1270736,Désiré Tsarahazana,Cardinal,1954-06-13T00:00:00Z,Amboangibe,2018-06-28T00:00:00Z,2001-02-18T00:00:00Z,1986-09-28T00:00:00Z
http://www.wikidata.org/entity/Q574058,Pietro Parolin,Cardinal,1955-01-17T00:00:00Z,Schiavon,2014-02-22T00:00:00Z,2009-09-12T00:00:00Z,1980-04-27T00:00:00Z
http://www.wikidata.org/entity/Q6109517,Robert Francis Prevost,cardinal-deacon,1955-09-14T00:00:00Z,Chicago,2023-09-30T00:00:00Z,2014-12-12T00:00:00Z,1982-06-19T00:00:00Z
http://www.wikidata.org/entity/Q1098059,Claudio Gugerotti,cardinal-deacon,1955-10-07T00:00:00Z,Verona,2023-09-30T00:00:00Z,2002-01-06T00:00:00Z,1982-05-29T00:00:00Z
http://www.wikidata.org/entity/Q600191,Matteo Maria Zuppi,Cardinal,1955-10-11T00:00:00Z,Rome,2019-10-05T00:00:00Z,2012-04-14T00:00:00Z,1981-05-09T00:00:00Z
http://www.wikidata.org/entity/Q1876360,Luis Cabrera Herrera,Cardinal,1955-10-11T00:00:00Z,Azogues,2024-12-07T00:00:00Z,2009-07-04T00:00:00Z,1983-09-03T00:00:00Z
http://www.wikidata.org/entity/Q45201,Rainer Woelki,cardinal priest,1956-08-18T00:00:00Z,Cologne,2012-02-18T00:00:00Z,2003-03-30T00:00:00Z,1985-06-14T00:00:00Z
http://www.wikidata.org/entity/Q778704,László Német,Cardinal,1956-09-07T00:00:00Z,Odžaci,2024-12-07T00:00:00Z,2008-07-05T00:00:00Z,1983-05-01T00:00:00Z
http://www.wikidata.org/entity/Q555507,Stephen Brislin,cardinal priest,1956-09-24T00:00:00Z,Welkom,2023-09-30T00:00:00Z,2007-01-28T00:00:00Z,1983-11-19T00:00:00Z
http://www.wikidata.org/entity/Q1701563,John Ribat,Cardinal,1957-02-09T00:00:00Z,Rabaul District,2016-11-19T00:00:00Z,2001-02-11T00:00:00Z,1985-12-01T00:00:00Z
http://www.wikidata.org/entity/Q282268,Mario Grech,cardinal-deacon,1957-02-20T00:00:00Z,Qala,2020-11-28T00:00:00Z,2006-01-22T00:00:00Z,1984-05-26T00:00:00Z
http://www.wikidata.org/entity/Q1406778,Fernando Natalio Chomalí Garib,Cardinal,1957-03-10T00:00:00Z,Santiago,2024-12-07T00:00:00Z,2006-06-03T00:00:00Z,1991-04-06T00:00:00Z
http://www.wikidata.org/entity/Q26901,Luis Antonio Tagle,Cardinal,1957-06-21T00:00:00Z,Manila,2012-11-24T00:00:00Z,2001-12-12T00:00:00Z,1982-02-27T00:00:00Z
http://www.wikidata.org/entity/Q2115237,William Goh,Cardinal,1957-06-25T00:00:00Z,Singapore,2022-08-27T00:00:00Z,2013-02-22T00:00:00Z,1985-05-01T00:00:00Z
http://www.wikidata.org/entity/Q1558927,Gérald Lacroix,cardinal priest,1957-07-27T00:00:00Z,Saint-Hilaire-de-Dorset,2014-02-22T00:00:00Z,2009-05-24T00:00:00Z,1988-10-08T00:00:00Z
http://www.wikidata.org/entity/Q1684759,Jean-Claude Hollerich,cardinal priest,1958-08-09T00:00:00Z,Differdange,2019-10-05T00:00:00Z,2011-10-16T00:00:00Z,1990-04-21T00:00:00Z
http://www.wikidata.org/entity/Q109429876,Ángel Sixto Rossi,cardinal priest,1958-08-11T00:00:00Z,Córdoba,2023-09-30T00:00:00Z,,
http://www.wikidata.org/entity/Q2394025,Tarcisio Isao Kikuchi,Cardinal,1958-11-01T00:00:00Z,Iwate Prefecture,2024-12-07T00:00:00Z,2004-09-20T00:00:00Z,1986-03-15T00:00:00Z
http://www.wikidata.org/entity/Q586530,Antoine Kambanda,cardinal priest,1958-11-10T00:00:00Z,Nyamata,2020-11-28T00:00:00Z,2013-07-20T00:00:00Z,1990-09-08T00:00:00Z
http://www.wikidata.org/entity/Q1071759,Chibly Langlois,Cardinal,1958-11-29T00:00:00Z,La Vallée,2014-02-22T00:00:00Z,2004-06-06T00:00:00Z,1991-09-22T00:00:00Z
http://www.wikidata.org/entity/Q15377078,Jean-Marc Aveline,Cardinal,1958-12-26T00:00:00Z,Sidi Bel Abbès,2022-08-27T00:00:00Z,2013-12-19T00:00:00Z,1984-11-03T00:00:00Z
http://www.wikidata.org/entity/Q2045272,Pablo Virgilio Siongco David,Cardinal,1959-03-02T00:00:00Z,Guagua,2024-12-07T00:00:00Z,2006-07-10T00:00:00Z,1983-03-12T00:00:00Z
http://www.wikidata.org/entity/Q1160646,Daniel Sturla,Cardinal,1959-07-04T00:00:00Z,Montevideo,2015-02-14T00:00:00Z,2012-03-04T00:00:00Z,1987-11-21T00:00:00Z
http://www.wikidata.org/entity/Q106870114,Stephen Chow,cardinal priest,1959-08-07T00:00:00Z,Hong Kong,2023-09-30T00:00:00Z,,1994-07-16T00:00:00Z
http://www.wikidata.org/entity/Q37206,Sérgio da Rocha,Cardinal,1959-10-21T00:00:00Z,Dobrada,2016-11-19T00:00:00Z,2001-08-11T00:00:00Z,1984-12-14T00:00:00Z
http://www.wikidata.org/entity/Q1456204,Fridolin Ambongo Besungu,cardinal priest,1960-01-24T00:00:00Z,Q134078988,2019-10-05T00:00:00Z,2005-03-06T00:00:00Z,1988-08-14T00:00:00Z
http://www.wikidata.org/entity/Q27180,Baselios Cleemis,cardinal priest,1960-05-25T00:00:00Z,Tiruvalla,2012-11-24T00:00:00Z,2001-08-15T00:00:00Z,1986-06-11T00:00:00Z
http://www.wikidata.org/entity/Q552752,Protase Rugambwa,cardinal priest,1960-05-31T00:00:00Z,Bukoba,2023-09-30T00:00:00Z,2008-04-13T00:00:00Z,1990-09-02T00:00:00Z
http://www.wikidata.org/entity/Q15978622,Ángel Fernández Artime,cardinal-deacon,1960-08-21T00:00:00Z,Lluanco,2023-09-30T00:00:00Z,2024-04-20T00:00:00Z,
http://www.wikidata.org/entity/Q1678758,Jaime Spengler,Cardinal,1960-09-06T00:00:00Z,Gaspar,2024-12-07T00:00:00Z,2011-02-05T00:00:00Z,1990-11-17T00:00:00Z
http://www.wikidata.org/entity/Q1657212,Ignace Bessi Dogbo,Cardinal,1961-08-17T00:00:00Z,,2024-12-07T00:00:00Z,2004-07-04T00:00:00Z,1987-08-02T00:00:00Z
http://www.wikidata.org/entity/Q573795,Anthony Poola,Cardinal,1961-11-15T00:00:00Z,Poluru,2022-08-27T00:00:00Z,2008-04-19T00:00:00Z,1992-02-20T00:00:00Z
http://www.wikidata.org/entity/Q2296295,Soane Patita Paini Mafi,Cardinal,1961-12-19T00:00:00Z,Nukuʻalofa,2015-02-14T00:00:00Z,2007-10-04T00:00:00Z,1991-06-29T00:00:00Z
http://www.wikidata.org/entity/Q1876444,Luis José Rueda Aparicio,cardinal priest,1962-03-03T00:00:00Z,San Gil,2023-09-30T00:00:00Z,2012-04-14T00:00:00Z,1989-11-23T00:00:00Z
http://www.wikidata.org/entity/Q251396,Jean-Paul Vesco,Cardinal,1962-03-10T00:00:00Z,6th arrondissement of Lyon,2024-12-07T00:00:00Z,2013-01-25T00:00:00Z,2001-06-24T00:00:00Z
http://www.wikidata.org/entity/Q6165619,Víctor Manuel Fernández,cardinal-deacon,1962-07-18T00:00:00Z,Río Cuarto Department,2023-09-30T00:00:00Z,2013-06-15T00:00:00Z,1986-08-15T00:00:00Z
http://www.wikidata.org/entity/Q24758132,Domenico Battaglia,cardinal priest,1963-01-20T00:00:00Z,Satriano,2024-12-07T00:00:00Z,2016-09-03T00:00:00Z,1988-02-06T00:00:00Z
http://www.wikidata.org/entity/Q1563237,Peter Ebere Okpaleke,Cardinal,1963-03-01T00:00:00Z,Nigeria,2022-08-27T00:00:00Z,2013-05-21T00:00:00Z,1992-08-22T00:00:00Z
http://www.wikidata.org/entity/Q104726645,Dominique Mathieu,Cardinal,1963-06-13T00:00:00Z,Arlon,2024-12-07T00:00:00Z,2021-02-16T00:00:00Z,1989-09-24T00:00:00Z
http://www.wikidata.org/entity/Q11742692,Konrad Krajewski,Cardinal,1963-11-25T00:00:00Z,Łódź,2018-06-28T00:00:00Z,,1988-06-11T00:00:00Z
http://www.wikidata.org/entity/Q60370334,Stephen Ameyu Martin Mulla,cardinal priest,1964-01-10T00:00:00Z,Eastern Equatoria,2023-09-30T00:00:00Z,2019-03-03T00:00:00Z,1991-04-21T00:00:00Z
http://www.wikidata.org/entity/Q1551219,Grzegorz Ryś,cardinal priest,1964-02-09T00:00:00Z,Kraków,2023-09-30T00:00:00Z,2011-09-28T00:00:00Z,1988-05-22T00:00:00Z
http://www.wikidata.org/entity/Q19502022,Augusto Paolo Lojudice,Cardinal,1964-07-01T00:00:00Z,Rome,2020-11-28T00:00:00Z,2015-03-06T00:00:00Z,1989-05-06T00:00:00Z
http://www.wikidata.org/entity/Q28007565,Fabio Baggio,Cardinal,1965-01-15T00:00:00Z,Bassano del Grappa,2024-12-07T00:00:00Z,2025-01-11T00:00:00Z,1992-07-11T00:00:00Z
http://www.wikidata.org/entity/Q2092723,Pierbattista Pizzaballa,Cardinal priest of Sant'Onofrio al Gianicolo,1965-04-21T00:00:00Z,Cologno al Serio,2023-09-30T00:00:00Z,2016-09-10T00:00:00Z,1990-09-15T00:00:00Z
http://www.wikidata.org/entity/Q47001634,José Cobo Cano,cardinal priest,1965-09-20T00:00:00Z,Sabiote,2023-09-30T00:00:00Z,2018-02-17T00:00:00Z,1994-04-23T00:00:00Z
http://www.wikidata.org/entity/Q100846983,Mauro Gambetti,cardinal-deacon,1965-10-27T00:00:00Z,Castel San Pietro Terme,2020-11-28T00:00:00Z,,
http://www.wikidata.org/entity/Q4459693,José Tolentino de Mendonça,cardinal-deacon,1965-12-15T00:00:00Z,Machico,2019-10-05T00:00:00Z,2018-07-28T00:00:00Z,
http://www.wikidata.org/entity/Q80976380,Roberto Repole,Cardinal,1967-01-29T00:00:00Z,Turin,2024-12-07T00:00:00Z,2022-05-07T00:00:00Z,1992-06-13T00:00:00Z
http://www.wikidata.org/entity/Q1224285,Dieudonné Nzapalainga,Cardinal,1967-03-14T00:00:00Z,Mbomou Prefecture,2016-11-19T00:00:00Z,2012-07-22T00:00:00Z,1998-08-09T00:00:00Z
http://www.wikidata.org/entity/Q1440013,Paulo César Costa,Cardinal,1967-07-20T00:00:00Z,Valença,2022-08-27T00:00:00Z,2011-02-05T00:00:00Z,1992-12-05T00:00:00Z
http://www.wikidata.org/entity/Q22670371,Virgílio do Carmo da Silva,Cardinal,1967-11-27T00:00:00Z,Venilale,2022-08-27T00:00:00Z,2016-03-19T00:00:00Z,1998-12-18T00:00:00Z
http://www.wikidata.org/entity/Q106800926,François-Xavier Bustillo,cardinal priest,1968-11-23T00:00:00Z,Arre,2023-09-30T00:00:00Z,,
http://www.wikidata.org/entity/Q112147156,Baldassare Reina,Cardinal,1970-11-26T00:00:00Z,San Giovanni Gemini,2024-12-07T00:00:00Z,2022-06-29T00:00:00Z,1995-09-08T00:00:00Z
http://www.wikidata.org/entity/Q113122506,Frank Leo,Cardinal,1971-06-30T00:00:00Z,Montreal,2024-12-07T00:00:00Z,2022-09-12T00:00:00Z,1996-12-14T00:00:00Z
http://www.wikidata.org/entity/Q16471403,Rolandas Makrickas,Cardinal,1972-01-31T00:00:00Z,Biržai,2024-12-07T00:00:00Z,2023-04-15T00:00:00Z,1996-07-20T00:00:00Z
http://www.wikidata.org/entity/Q130443420,George Jacob Koovakad,Cardinal,1973-08-11T00:00:00Z,Chethippuzha,2024-12-07T00:00:00Z,2024-11-24T00:00:00Z,2004-07-24T00:00:00Z
http://www.wikidata.org/entity/Q61927457,Américo Manuel Alves Aguiar,cardinal priest,1973-12-12T00:00:00Z,Leça do Balio,2023-09-30T00:00:00Z,2019-03-31T00:00:00Z,2001-07-08T00:00:00Z
http://www.wikidata.org/entity/Q89274820,Giorgio Marengo,Cardinal,1974-06-07T00:00:00Z,Cuneo,2022-08-27T00:00:00Z,2020-08-08T00:00:00Z,2001-05-26T00:00:00Z
http://www.wikidata.org/entity/Q82271947,Mykola Bychok,Cardinal,1980-02-13T00:00:00Z,Ternopil,2024-12-07T00:00:00Z,2020-06-07T00:00:00Z,2005-05-03T00:00:00Z
